travel,price,income,gasoline,u
235.58182,199.05658,1896.0729,64.744308,5.6500721
324.60767,178.10286,1666.6198,78.330139,-7.1857657
251.18633,214.51288,1244.5764,55.329273,-27.205853
311.63528,209.60704,1040.8746,51.489082,-7.4857869
444.45929,173.38225,1019.2526,79.134766,2.171432
271.29996,219.72742,1385.2847,74.544724,12.720895
302.19333,187.36002,1576.1729,71.537971,-12.739067
415.63983,175.41565,1044.0925,69.27623,-9.5450191
225.85773,218.03069,1550.6107,71.90686,-10.393298
234.56764,197.27803,1911.84,67.75267,-.20782158
362.28244,195.76534,1074.6395,66.489815,-1.1470698
368.67868,163.3692,1643.7577,66.059731,3.491406
178.53522,207.56929,1977.3848,57.758163,-10.626516
375.52902,185.01437,1241.0388,73.299492,2.584075
338.44534,186.11136,1319.0912,62.305454,-11.034675
225.09529,206.31329,1697.9905,68.687332,-18.110115
333.57843,201.01875,1224.4163,69.148834,4.6724248
229.91017,189.11259,1980.2117,50.806351,-3.0991571
126.24266,246.86348,1783.9908,63.417194,9.6389284
485.62772,149.41061,1006.7482,50.134621,-.059100274
317.49194,173.44376,1735.8468,69.43486,-9.3807697
259.87872,192.12909,1853.5027,56.629387,11.349152
429.6373,154.52641,1427.2382,76.329445,-.11920486
393.35446,167.9406,1373.6813,53.996567,9.6490021
114.4718,249.24608,1933.6322,74.737442,17.691093
198.6208,226.36749,1576.3967,67.895073,-8.0435104
385.69861,179.25647,1241.7974,57.122055,10.263033
313.3382,179.815,1740.9247,62.651722,9.8560352
474.28772,145.96883,1291.855,60.227547,13.999746
363.22513,192.87068,1099.9701,77.026398,-12.649629
167.12291,237.72949,1619.7852,66.140648,-.95220947
349.84888,174.76547,1508.3202,64.170563,-3.3727777
114.86929,246.36784,1784.5492,69.504776,-7.8589807
344.42798,205.87045,1075.4539,75.911659,.86694998
86.630745,252.66069,1908.4102,65.406052,2.7512887
538.66321,134.74443,1031.0569,72.231987,-.65387881
373.45819,188.97099,1263.7921,79.736343,9.4596233
278.32242,213.49254,1339.3409,74.147171,-3.6643274
223.12817,205.76614,1822.6866,66.991127,-1.4931483
442.90451,157.30711,1201.5558,58.904839,.74322236
403.39011,182.27243,1032.6774,64.685776,-1.3213378
386.92102,175.45494,1195.9036,54.566948,-3.6186619
325.0744,182.06448,1735.0887,78.176575,14.370562
439.81094,157.7807,1318.3966,68.188072,9.0278702
332.45236,194.464,1238.9663,69.055534,-11.894292
68.282196,250.42923,1977.8518,65.608574,-11.367969
328.44067,189.45287,1330.5227,68.935074,-15.606241
191.83252,222.23865,1791.7666,63.039005,10.210649
380.66617,176.63722,1169.4891,52.116325,-8.6830215
124.70926,241.57233,1895.7174,63.558365,10.465464
237.29169,203.78065,1765.745,61.106323,3.4761522
419.94308,151.65086,1376.9921,52.077007,-5.712378
505.25613,146.44905,1052.6879,69.296577,3.134481
161.96718,239.28635,1594.7341,61.53648,-1.9787549
377.72687,159.7365,1588.9811,67.437744,-6.5876322
147.44002,231.64737,1951.1168,64.681252,13.810442
299.13522,181.87169,1787.3156,68.73452,3.2985146
252.09601,178.82268,1954.1672,50.129097,-12.060954
295.76688,212.78696,1270.5811,69.025337,5.6585398
340.59015,193.92906,1305.8013,74.296333,.63173383
312.44424,191.49562,1573.1318,67.842026,11.178573
282.99237,204.73193,1459.9757,77.560638,-7.2835684
334.59079,193.82103,1284.0009,73.751038,-8.4931211
262.52573,178.85098,1958.8999,68.934395,-15.88916
479.80185,147.25452,1180.6217,67.61644,.38914639
321.63724,197.99248,1332.4327,53.391895,13.368315
451.72675,150.14813,1355.7634,64.325813,9.0305576
337.6933,175.53246,1624.29,59.572845,7.6161461
382.73767,174.33572,1269.5316,53.033604,1.446978
398.34619,172.16818,1309.0713,64.696747,7.8035874
229.54167,225.88599,1424.4954,54.990528,9.1157217
274.11047,221.40764,1282.2705,77.40287,2.329392
149.43007,243.88773,1750.3955,78.805214,7.4420762
158.6514,220.00485,1933.6073,65.104485,-9.3779917
346.74716,200.28304,1103.5588,69.292,-2.3884251
374.94888,171.24323,1370.3868,56.372421,-2.2343051
325.41327,180.81783,1716.7655,79.125092,7.8361349
187.11963,224.87891,1744.4526,78.008713,-6.4463987
197.95775,221.79654,1685.1119,77.140671,-12.137348
281.98926,202.73158,1526.8856,73.462204,-.37238279
400.94977,176.33638,1058.9056,67.561455,-18.155325
266.71475,205.27844,1573.2083,76.442268,-4.206017
343.21313,193.36093,1172.8401,54.134735,-2.0941355
279.12988,199.71205,1649.2512,60.82962,17.076414
406.90897,153.91292,1461.2965,65.008415,-10.338397
318.65988,209.23299,1133.9119,68.397041,-1.041903
288.36166,207.94812,1383.3701,69.649612,1.607415
169.38782,217.83026,1927.4586,53.130634,4.1438146
420.79449,159.13087,1339.2164,64.757614,-.47578317
245.34862,193.98285,1860.3101,55.218468,3.9740477
230.21899,204.62926,1881.4739,76.359825,3.8512053
74.531563,255.68993,1944.9587,67.532242,2.6123846
342.138,197.12688,1030.4146,55.619759,-15.553064
333.36105,172.21605,1598.9111,51.198509,-2.7777467
160.04951,231.08972,1659.9833,53.41161,-9.7400379
288.58054,178.36002,1958.142,67.713028,9.7034597
454.43109,165.55635,1036.0164,72.456154,-1.1292334
381.78043,176.53264,1265.8618,57.35709,2.4121382
325.14035,170.58517,1769.3898,79.833916,-12.738358
401.59201,170.51776,1362.9296,78.967979,3.2550063
435.98798,157.48445,1300.1595,58.746078,9.2230558
363.90228,178.88782,1368.1924,63.931667,.98290098
504.62241,143.16559,1117.9315,61.925446,9.3188658
129.20271,242.83618,1712.9318,55.838379,-2.8705289
401.06625,180.88635,1079.5514,69.917496,-4.5418844
163.09018,222.17334,1907.5317,67.230606,-4.6965322
380.26355,189.58215,1021.5662,54.21521,1.998135
379.22037,160.77193,1491.2476,67.138077,-16.718765
246.39392,201.91983,1735.4479,58.10894,5.407485
255.81436,203.96284,1681.7223,79.954567,-5.1912704
313.52084,207.04607,1255.3772,72.319687,2.9960501
317.6246,178.75525,1668.8521,55.883484,5.8848057
245.81616,222.59773,1382.0267,77.366379,-7.7590508
160.6324,242.77425,1688.3992,79.63192,5.6772013
332.33121,208.68785,1098.7085,65.920959,7.8579111
246.77893,205.17236,1633.6355,71.145737,-11.126958
210.15678,217.63638,1616.511,64.900497,-11.668727
134.55423,240.6739,1772.2056,75.503349,-10.198066
166.49425,234.46176,1674.9749,74.830101,-9.0768471
435.96497,174.68077,1063.2206,72.860168,8.7979975
144.65034,230.29333,1929.5802,77.964348,-6.4920917
402.99344,169.54572,1222.1237,69.311546,-11.363829
339.36884,211.61305,1050.5442,67.097321,14.627842
441.49515,163.26886,1155.7064,60.128456,7.5742788
447.51468,161.34993,1092.6951,66.068184,-5.7907972
313.29523,197.42894,1362.9058,69.118805,-4.5058017
360.89142,182.483,1434.5848,79.87207,4.8855968
142.55577,225.12424,1895.517,60.850628,-13.961745
367.41635,198.45103,1046.245,64.692474,8.4169073
280.18423,205.26997,1447.869,69.674438,-4.1460299
206.47098,198.63834,1966.3656,61.638058,-11.561124
235.64214,225.52924,1377.4702,71.831947,-6.2739468
407.35953,168.88985,1105.629,51.709766,-12.161358
500.90982,142.17299,1083.9656,50.776642,6.7504263
348.2081,165.58649,1527.8317,54.974461,-19.513199
366.90027,171.90714,1478.3204,59.887791,4.8873577
469.57037,155.4151,1114.3795,54.858578,12.461197
376.60516,203.72606,1051.8094,75.060303,24.388702
395.38492,183.11931,1207.7621,77.194481,9.215786
187.35786,209.84805,1974.6077,60.496864,1.7412705
321.96194,195.54944,1314.0862,67.586243,-7.0106444
406.39868,159.29561,1353.9695,72.678711,-18.550722
235.77576,196.0914,1892.9587,55.256744,4.9609509
279.40588,186.2735,1719.1235,60.143677,-7.9020782
264.80228,198.48303,1603.2738,54.656944,-2.5280094
154.06598,226.6609,1887.9172,62.038967,-.39316413
188.53828,220.073,1768.4644,66.642136,-5.3086739
274.91409,215.53419,1370.9584,65.325584,10.239714
374.13211,196.11137,1002.1315,64.50219,2.3508089
215.79906,221.53929,1506.7686,69.047691,-15.267721
532.08356,134.75081,1009.8475,76.936913,-14.161667
448.34381,172.27669,1061.3828,75.426392,12.357172
94.496765,245.53766,1878.875,61.403675,-9.8432465
217.30994,206.07643,1791.0564,56.805328,-3.069505
355.06494,204.46964,1106.191,79.249893,9.6617079
456.7692,159.41185,1157.0511,79.87532,-3.1614075
338.02298,176.23886,1552.6149,55.519039,2.3448951
266.27155,214.05962,1273.7197,57.862926,-10.999861
464.54657,150.37456,1112.9692,53.511101,-5.3056073
276.33362,188.5641,1607.2023,50.594631,-13.938679
263.52191,183.92929,1850.1335,51.404507,-3.4725773
328.94958,207.45442,1163.7903,62.391232,13.732072
176.94882,234.73219,1597.5537,61.152866,1.4365098
380.96487,155.92491,1506.329,67.491669,-26.081867
95.951836,250.39816,1899.874,60.554173,8.564642
291.68405,199.22424,1518.4117,76.154305,-3.5721788
180.13522,214.21629,1966.7107,57.856613,7.2405224
133.17078,239.9594,1808.3654,60.870663,3.6194208
261.0166,211.28131,1386.8131,57.948345,-6.860579
348.88049,172.57384,1533.3401,69.598427,-10.847867
133.19925,234.15422,1897.2308,64.617897,-1.694049
415.30618,172.57825,1248.6555,79.165466,5.2333956
302.8569,207.47165,1266.2061,73.588257,-5.9093385
273.43173,197.31471,1728.6007,79.897789,1.5533381
245.55223,209.19861,1703.757,79.053955,2.7088513
392.05481,180.56139,1099.4324,60.356945,-3.8001413
546.53302,133.68469,1032.4178,68.772408,7.3264179
130.53899,232.60522,1864.4509,50.163776,-1.890286
93.930527,250.08804,1939.144,70.905182,3.3157048
247.88815,189.4357,1864.1367,69.78212,-16.840639
109.7026,242.48259,1873.9733,66.605431,-7.782764
116.68253,244.38385,1871.7684,53.371853,14.58671
385.89673,175.29361,1301.1462,57.348064,8.4829655
346.8063,192.37979,1328.3735,76.497963,4.2894135
70.316017,252.75233,1992.646,64.251549,.24298219
458.90787,157.45145,1019.9669,52.26918,-4.7935448
230.56044,195.25258,1991.0121,68.816826,1.3407582
402.39511,170.53394,1266.6726,68.202217,-1.7241398
346.13568,169.43587,1569.2375,57.325634,-6.8623457
337.24786,201.31778,1061.1998,50.416786,-.34759805
215.74524,204.90349,1874.889,67.540276,-3.814209
292.87616,219.60001,1230.6593,75.844284,9.7196293
319.36209,193.73419,1397.4958,65.689041,-.48243845
284.10904,190.90001,1586.8135,60.074677,-10.498646
447.95926,151.287,1259.1627,58.260921,-1.3001628
341.53589,174.30051,1617.1064,70.496666,-1.6841174
466.78406,148.09068,1274.3572,58.730515,10.798067
353.70959,167.77278,1687.6044,61.934219,10.28938
353.52808,180.54947,1417.8506,57.198761,7.9302082
434.14273,163.11079,1186.6703,67.130447,-1.1619426
291.10712,188.21045,1743.1296,70.946808,3.9873383
160.74423,226.94936,1921.8018,61.118473,12.882976
308.77542,203.13239,1306.6597,51.987335,11.641947
363.30139,170.47466,1529.027,53.447247,10.17921
331.36179,187.4841,1409.137,58.008038,2.5329771
247.07188,200.65417,1587.2832,50.634346,-13.576842
316.48605,190.26726,1314.0557,52.10405,-14.367235
269.60489,185.48354,1852.585,58.000278,1.8979676
318.20135,185.79652,1525.3159,52.138798,6.9383335
218.52286,207.76926,1687.8851,53.420868,-10.054068
308.23242,190.3259,1478.1681,58.632683,-3.0686002
327.97256,190.59248,1245.6997,56.731388,-15.957872
324.89084,185.55652,1535.0175,63.902245,5.0242715
60.008354,253.01773,1922.4132,53.476486,-11.26298
506.66138,143.78584,1186.5547,77.087639,11.196235
396.09564,171.61655,1247.4417,62.599606,-3.5031157
262.47287,213.29793,1304.8724,56.551632,-11.133159
464.61157,153.5768,1221.2064,69.840958,6.5771246
398.78787,178.14781,1060.2192,62.244881,-10.976059
288.07239,178.60912,1831.3301,52.277901,3.1941993
363.84952,184.62865,1368.2212,71.473396,10.401329
186.69734,232.27336,1542.6168,59.541916,-2.4055903
445.20987,168.1494,1092.7151,76.853523,1.6376874
417.81766,157.44597,1259.6727,55.22842,-12.310061
293.28781,180.57332,1762.0792,69.814743,-10.704149
361.91342,176.18767,1485.6355,79.87056,-3.4309969
122.05321,237.41158,1887.3096,63.751751,-4.8405018
424.79614,157.84674,1360.1417,79.045219,-8.2325773
405.36267,183.4957,1141.1842,69.49176,16.385281
222.65483,198.61368,1987.3374,58.672905,10.07405
349.45535,176.15433,1432.2499,54.377304,-3.592315
210.80165,205.54274,1851.4817,78.754608,-19.514389
344.64383,195.16711,1208.511,52.590694,10.79912
268.60361,197.67299,1650.2875,65.304405,-2.3797207
193.4881,226.09598,1668.3844,53.911621,11.075608
279.31577,188.59459,1784.9126,59.242149,8.864337
210.81784,209.51154,1871.7916,78.847313,-5.8101211
257.30945,205.60727,1446.4711,60.633217,-19.086834
172.41408,211.12488,1997.3617,61.916679,-7.4778428
103.21832,246.02373,1944.0924,68.045349,4.659966
457.32251,158.20987,1070.5332,69.487915,-10.521183
341.13089,196.96895,1273.6583,78.246902,1.3982865
186.48512,220.44969,1923.2471,70.673439,13.647595
506.01447,138.59248,1094.4009,54.225529,.99387705
413.08304,165.57631,1212.234,67.099564,-11.705479
419.34924,157.82022,1370.9437,66.443733,-2.0495863
273.21625,194.0379,1626.1888,58.887962,-6.063446
231.79919,201.881,1760.4086,57.85141,-5.3419499
413.28458,170.82668,1210.9176,70.120865,.057554446
225.78069,188.4104,1939.0776,52.754559,-16.853241
352.27493,172.23358,1514.2941,54.100368,1.1694186
268.99567,200.6467,1544.5282,73.226143,-16.159939
92.227943,246.18225,1908.7767,55.236092,-.95234501
412.68149,154.14316,1423.3168,58.651894,-4.555974
317.35287,214.12251,1135.9467,71.908295,8.3490152
251.02544,194.09227,1914.5043,74.988487,2.2594173
508.93915,135.56682,1027.4474,52.092793,-12.587573
323.11703,197.0486,1410.6975,78.354347,4.0694089
263.08917,213.03944,1449.7836,68.479553,.97955447
285.4436,178.40942,1967.6498,77.818237,.041934412
227.20213,213.15979,1621.344,52.976723,3.5537868
480.60251,145.96082,1102.5812,62.797413,-10.154037
116.56445,247.93059,1810.9675,78.51786,-5.1921153
112.75591,233.0511,1951.4703,51.917984,-6.8199458
130.80312,228.72339,1980.0894,68.754608,-9.6340132
264.93793,225.30603,1354.0219,67.899521,22.047869
349.64264,174.55077,1573.8485,75.68782,-3.5432606
455.2821,149.22,1332.7327,64.172005,6.7484083
385.30481,167.87399,1323.2683,57.639786,-9.0569878
215.36285,197.7014,1925.2728,66.206482,-15.017631
205.67719,226.31752,1593.1957,57.506409,9.7087069
110.98109,242.76047,1815.9674,53.695194,-4.1266875
212.21738,220.03828,1691.6318,58.994015,12.870313
190.06358,216.03464,1977.9492,72.379395,12.145971
373.89008,162.1848,1624.1458,55.390049,11.098872
287.202,212.18121,1386.4335,67.927322,13.714444
309.75305,209.35999,1128.0415,78.865494,-18.861143
407.17676,166.71103,1256.6146,65.688126,-6.7617822
321.93631,179.38542,1740.7593,70.193062,11.23638
329.37411,206.33401,1038.1688,54.837173,-1.6684724
261.99777,210.9326,1502.4509,72.079285,-.77999061
498.21573,143.65334,1078.9513,64.571472,-3.7347481
222.29408,225.75691,1340.2809,50.387711,-7.430285
221.39436,205.07971,1772.2731,64.429581,-10.593116
382.18936,164.56741,1535.2124,56.6908,11.450595
183.06801,208.33798,1965.8914,59.755157,-7.3398571
225.547,196.5153,1886.9863,55.289749,-5.0455341
262.46957,213.69925,1323.2108,59.604328,-9.7443075
495.22861,143.42918,1207.869,74.316551,4.2145066
396.7923,160.42795,1463.4066,60.85149,.77757132
118.24194,239.27173,1844.6375,57.447842,-4.9870481
393.41241,180.87698,1079.6698,66.321922,-9.3267841
352.77118,177.05045,1540.4807,79.318314,-1.5751585
336.33005,207.99469,1146.4552,73.243439,11.289246
337.616,192.75612,1226.3767,61.757446,-7.3919206
480.27502,145.00636,1233.2555,71.954407,-.78300333
274.30569,184.33051,1817.4623,52.969254,2.2419946
161.89308,226.80721,1721.3289,56.800102,-12.968219
248.26956,210.22755,1553.254,54.040665,5.6395268
148.51579,222.56134,1979.6749,66.282791,-6.64358
410.78113,162.81848,1192.387,52.61726,-12.844725
184.99857,230.42728,1608.7289,63.222168,-2.11619
359.46896,177.88048,1370.0574,63.786285,-5.7741566
130.70367,238.03331,1834.6205,54.147343,5.268805
166.70409,234.94502,1655.0258,70.293434,-6.9252305
142.3343,241.57481,1759.5375,54.556686,14.871574
278.14374,209.18739,1344.2568,50.822334,3.9303424
349.56143,190.16833,1254.3577,79.902634,-12.752516
319.04092,192.10291,1542.9329,78.287483,6.528697
422.83466,163.36345,1047.79,59.619965,-26.61149
419.89786,161.89133,1262.3372,60.562969,-2.0953479
172.04977,216.89525,1919.0283,58.029545,-.90244573
391.17847,171.91557,1331.1487,68.502083,.22114079
248.32172,202.02054,1581.1903,59.670395,-16.780596
309.72055,193.14381,1306.1687,55.1661,-16.998728
180.33937,229.06589,1823.2892,79.107674,9.0245123
508.0564,140.3519,1177.6097,74.214211,4.2766261
326.69879,177.0988,1638.7719,58.574162,3.8220141
361.49698,183.59674,1293.4905,62.69706,1.0741009
300.91574,173.70181,1873.2946,52.574471,8.845233
189.371,227.51019,1697.8484,55.431389,13.980665
476.47116,157.46927,1082.1016,74.764008,4.1422253
232.61835,215.75133,1639.8341,73.140068,2.6099868
86.771812,253.06754,1923.0435,67.254112,4.7073846
148.21165,229.50865,1872.8431,55.971798,4.0340452
150.60773,240.27107,1742.236,77.979523,-1.7086005
455.63992,143.9955,1244.35,63.385189,-19.627876
434.47305,155.6873,1390.776,52.640347,21.33289
349.86905,176.53528,1447.791,60.229607,-4.5007381
297.39713,210.45032,1325.4514,58.692509,17.476685
463.59393,148.85268,1327.1646,56.410255,19.442635
391.29727,174.21745,1312.2505,58.392548,11.807941
251.97746,222.13692,1269.5438,52.398968,.25954175
362.26892,195.01088,1184.4365,71.511353,9.2546787
335.31784,175.87277,1686.9484,78.446831,.45910791
294.59467,202.16069,1512.4683,64.716705,15.525414
486.57123,146.14139,1130.3085,67.98877,-3.6917565
371.05963,184.82822,1164.3215,51.277603,3.7219644
268.36963,218.17882,1288.8571,62.396145,.86406761
453.12326,157.07433,1139.9325,77.274368,-13.605679
92.231941,255.52165,1923.9001,79.045029,7.4894037
481.49924,137.55179,1145.7264,50.526386,-15.673075
229.53169,205.47975,1818.6324,62.619396,7.0263653
421.60339,152.70337,1434.0322,56.101826,4.1258578
137.91702,225.4276,1905.074,51.213779,-8.6383963
355.89856,176.10857,1420.2615,61.868305,-5.0637307
442.29291,156.70517,1240.7155,64.404816,-.019677008
413.59879,160.45816,1309.0261,68.012314,-11.220129
330.49557,172.87038,1720.2213,73.675148,-3.6613338
423.38519,169.91986,1080.8099,62.820732,-5.96629
293.23007,201.10716,1388.7277,68.433128,-10.217939
163.2551,238.16283,1581.5929,59.556347,-4.1114159
97.262421,246.46552,1888.5188,53.774078,2.977865
293.76697,201.49947,1446.0626,51.214611,13.753242
154.86102,228.20515,1880.8424,65.771286,.52427328
199.00003,203.62683,1916.6058,57.219574,-9.4923162
326.36725,190.93243,1367.7523,56.506504,1.8424587
470.43567,147.93451,1222.0656,58.549019,6.3294678
355.75543,200.62848,1024.236,79.81514,-12.764387
493.19046,148.90125,1246.975,79.075432,19.009729
285.66754,203.90685,1451.3254,67.525536,-.1055983
248.22514,190.367,1937.5593,75.099167,-7.2293749
381.64545,182.30008,1138.6866,50.336754,4.3892541
398.89368,160.46042,1393.309,61.77375,-8.2858591
413.78363,171.76115,1197.2229,63.686394,6.1730738
94.37841,248.68886,1917.1818,51.956669,11.85026
266.20148,194.30865,1664.5875,71.537552,-16.707066
225.13863,224.74037,1473.2743,65.270813,.71212578
300.68445,175.93477,1797.7954,61.181374,-3.5674593
493.98752,147.50063,1249.0519,79.26577,16.184364
375.50476,186.85286,1032.373,61.211605,-14.105844
321.10666,172.28676,1724.4247,61.924419,-4.5949178
254.40173,222.34525,1335.2655,59.816334,7.1706529
203.86816,217.58011,1702.8458,66.569588,-6.4943366
316.01529,177.96477,1902.8705,77.237427,20.160803
237.62816,216.02655,1564.5531,72.727882,-2.5994925
387.97705,162.48134,1596.9036,78.308273,3.5655847
279.1142,217.51726,1202.9863,59.010998,-.35005701
211.72327,211.48997,1779.4473,56.252209,4.6615267
476.65863,159.35155,1066.4818,72.054092,9.236805
129.61153,244.9142,1784.9337,61.338528,9.5491066
376.56,166.5986,1608.3501,79.170914,4.292017
288.77826,213.03972,1291.3434,78.338913,-4.984117
352.8136,184.23943,1200.6318,60.419117,-17.980459
172.79285,224.65224,1771.5831,60.213226,-3.0792201
174.85999,235.2834,1698.4888,76.011993,4.0888877
164.15038,226.78949,1997.8458,77.036255,14.52986
326.09854,172.66028,1648.5693,53.422497,-3.1713035
196.21188,217.13803,1931.7445,78.939926,9.0942993
158.40355,224.91556,1761.0872,50.243149,-10.355896
261.55368,208.70709,1495.72,53.491627,6.627521
225.99245,199.29707,1995.6764,74.70787,3.6797149
330.74429,196.53909,1146.2758,68.889412,-21.770319
406.04657,173.6356,1207.7188,75.122597,-4.077569
307.32404,184.4958,1604.7083,61.282154,-2.8567753
150.92014,227.40968,1852.4727,53.709934,-.17077489
250.27582,209.48193,1544.3528,62.685413,-2.6183808
390.87823,163.85312,1588.8251,75.148369,11.486716
181.73706,223.57191,1724.6532,58.287346,-2.5506713
383.91571,173.68457,1340.526,54.340176,10.470811
366.35226,186.76904,1250.6189,60.329224,9.9581223
192.38638,232.95094,1493.8303,76.71312,-15.942018
190.78139,231.00661,1629.6097,65.558472,6.4939065
506.97244,148.38423,1056.8831,68.278366,11.519642
272.39447,206.77661,1434.3425,55.54847,1.4039277
290.03479,180.68965,1779.5144,64.205132,-6.5401092
350.91003,178.81924,1601.8213,78.38163,11.289886
315.76227,184.10979,1531.4899,79.374817,-20.91769
120.23204,245.62573,1740.301,61.788391,-4.9640408
205.20921,219.43498,1680.0594,69.199661,-5.66714
143.07571,242.44135,1697.2913,61.796879,2.8235376
164.96561,218.35143,1991.8689,68.035187,-1.1333606
295.06741,189.36807,1600.3217,63.930511,-4.734961
238.60614,203.07942,1637.6677,65.557831,-19.875519
306.06445,190.55246,1657.2062,74.05513,9.8929243
332.97342,193.90341,1418.2284,79.32093,5.7901406
114.39744,242.09747,1908.0251,57.483299,8.277751
491.54904,148.30539,1119.4724,72.969933,1.5185013
271.82956,208.98369,1592.3129,72.425117,16.992353
170.2742,217.78741,1949.7462,53.093193,8.2876043
160.17487,217.03685,1953.0297,50.852623,-1.5532881
118.79567,235.93462,1907.644,63.063339,-8.4849319
382.53757,172.86183,1349.9644,66.03199,-1.0664279
144.07481,225.93076,1843.9951,57.997341,-15.71075
73.772064,254.02263,1931.2598,61.231476,.33694312
118.98512,240.98767,1910.0659,57.958763,9.7947073
347.64996,173.2122,1583.5387,66.139534,-.057898153
332.62674,198.4577,1266.851,68.251717,3.8888047
366.25873,167.08386,1456.0344,63.038101,-14.640159
274.09503,209.76224,1385.0565,67.423645,-5.727376
289.74481,209.99323,1195.3954,50.692768,-4.518383
371.1738,161.88457,1585.9052,60.923401,-2.5908134
196.41208,231.49779,1511.7457,52.159,6.490767
299.94049,185.04131,1710.7457,61.143822,7.2488174
266.55136,219.05936,1282.5032,57.808975,4.1399179
277.58328,211.61769,1247.1936,54.010193,-7.1780791
337.7988,208.70639,1049.7769,59.875599,10.872091
202.39323,208.13152,1853.9102,52.204105,.67155886
304.09552,191.32654,1472.8597,52.766491,-.60704738
404.13287,170.45273,1215.7882,68.656914,-8.2020702
219.17278,199.42635,1990.6599,58.546082,9.3860321
405.60382,182.19218,1027.8506,50.516834,11.286832
447.47952,149.84137,1395.6628,55.365536,17.108217
275.39395,179.29662,1862.5375,52.854275,-3.4079959
295.91992,202.0246,1332.6746,56.032516,-3.5384963
281.33862,196.73155,1484.5688,50.506523,-5.206079
315.98318,187.99706,1515.4087,62.595654,.8100186
226.63847,227.73334,1463.6713,68.008186,6.6626296
98.033783,253.40454,1890.4883,78.470039,3.0232561
299.66,186.27095,1562.2572,56.650696,-8.3904114
235.32635,203.15947,1698.3004,50.51062,-1.8065181
274.50851,189.62743,1778.0065,77.627205,-8.8982153
165.02036,239.2455,1679.4974,73.186157,4.358891
118.23805,238.23404,1907.8434,61.286125,-1.3824359
442.14163,168.4639,1075.4901,62.435074,8.3696127
288.98633,186.52222,1702.5746,77.009659,-13.625232
261.60452,207.51868,1519.2959,58.103668,3.3163948
301.55151,215.39668,1133.87,63.34642,2.5259197
211.50896,200.65744,1948.9817,63.836056,-5.4375463
398.04971,172.37924,1313.1896,72.4245,2.5125039
296.18781,191.10185,1576.9205,59.764835,.88902795
360.84592,162.94054,1538.6603,53.137329,-10.925448
68.060471,255.89751,1987.7609,62.741844,6.9543939
267.7002,194.49026,1685.2822,57.942699,-.73792177
279.57574,208.88261,1391.8842,51.394939,11.225466
198.82469,208.16733,1928.5182,69.766174,-5.65874
322.81946,195.64337,1299.5941,60.887146,-2.7140386
170.68489,224.89047,1777.8263,67.942856,-9.7911787
337.48672,178.60828,1456.7322,71.549858,-19.001001
366.65378,173.42078,1562.8961,73.2873,10.694457
376.23175,165.35162,1551.1042,71.60981,-1.9410645
451.46521,163.99683,1037.8781,64.437752,-1.6118455
255.77803,212.95789,1440.2104,71.494438,-10.399665
105.10855,248.54333,1917.2983,66.786179,10.341361
75.762543,247.23813,1972.1041,60.55373,-9.3218775
323.14996,208.50143,1020.2797,54.362114,-4.3439002
273.55371,186.00954,1730.1227,57.301979,-10.543712
296.44287,188.12509,1658.7369,70.956612,-3.5741346
258.78445,186.77371,1869.9172,51.239201,2.5697153
106.02874,235.41719,1899.8823,51.310429,-14.410839
290.09052,196.50334,1571.9657,63.79512,5.4083047
455.29202,155.06734,1210.9156,60.056286,7.5661449
305.44226,190.90007,1493.9402,77.03447,-16.664103
271.29611,218.12613,1211.9493,59.502312,-5.5727825
445.39255,148.02408,1276.3115,60.024155,-11.51503
173.5058,228.01707,1704.0745,51.793625,3.3281691
448.96964,165.00854,1203.0178,77.982208,12.5596
176.88567,225.93335,1779.7899,62.915653,3.5416818
373.41803,172.01231,1372.9746,54.816238,-.055515658
480.17368,154.24854,1093.5275,65.203026,8.5114307
376.34012,188.78856,1121.6378,58.263973,7.7037077
71.234779,250.80716,1959.981,55.338158,-1.8592761
159.85661,221.2067,1964.7509,63.374363,1.1278303
268.95297,219.24577,1205.2872,62.775467,-8.5107164
489.9975,146.79951,1009.1664,68.605316,-17.153118
333.78357,188.44301,1512.7892,78.616554,6.6048274
529.88068,135.72748,1090.4426,77.346886,-1.9662724
232.26553,210.49442,1697.8564,63.830788,4.2142906
323.53806,186.23489,1501.047,66.598183,-1.7492135
376.81357,183.68674,1282.0303,72.721573,6.8950415
185.56789,204.62933,1985.4819,52.424397,-6.0501437
454.23157,165.10208,1057.9198,61.50547,9.4907837
420.31241,173.2265,1044.2899,54.329113,1.2041533
358.20486,190.43086,1296.9082,70.415192,10.572275
366.84534,164.80145,1459.4003,66.520454,-22.497051
410.59821,152.35693,1446.4198,56.556526,-6.3203249
263.36844,222.38374,1257.6901,71.426315,-4.6830096
369.11063,165.43372,1521.3485,56.759899,-1.4239874
378.32031,184.89182,1264.1785,76.413116,6.0244942
175.53391,199.67751,1990.4709,50.490383,-27.158491
234.15308,214.74594,1571.4924,65.379517,-2.6126366
163.26407,230.28688,1756.1637,69.0951,-6.8128862
233.08864,229.1624,1387.0341,74.854668,-.0015076804
341.3414,192.16791,1158.1085,50.690804,-6.6416287
270.24997,201.67242,1497.6923,54.130344,-3.8849099
470.63339,148.19061,1315.9865,64.741447,16.352844
171.25768,237.05544,1572.7733,60.768013,-1.3910619
102.88422,242.54073,1908.8611,70.164551,-12.058295
400.58899,191.01965,1006.288,66.120842,14.388585
412.10605,153.05098,1384.2878,51.086914,-7.8826489
269.04263,184.70326,1993.835,73.182495,8.2707014
300.09161,179.38968,1722.3713,74.778419,-17.023294
117.69554,229.71593,1983.0907,57.542919,-10.642185
246.90747,197.77901,1902.746,71.486664,9.1333609
248.47791,219.97153,1340.79,71.614815,-13.772316
264.15982,203.91374,1497.5942,75.83461,-21.301615
127.15099,239.21558,1916.0963,68.526054,5.6266527
313.31802,193.47563,1409.272,50.015903,7.0803013
306.7662,208.85234,1291.524,74.141953,5.0825782
455.19644,161.80876,1145.8708,77.983131,1.5742162
268.43649,207.54079,1487.6292,66.228081,-1.0414612
243.63785,214.61714,1488.0979,61.863213,-3.1717472
466.46164,161.79445,1027.264,74.437614,-2.1538322
265.00638,202.189,1680.2382,69.202614,7.5903039
305.86032,185.97816,1568.6807,60.128853,-4.799624
435.80713,174.7359,1044.9501,71.432365,7.1906915
388.93854,184.5184,1222.4181,71.972778,12.9227
257.80099,207.57889,1492.6584,60.936943,-6.586792
181.58467,233.53777,1677.616,65.362007,11.489423
234.85155,198.96826,1880.8536,61.495953,4.9971447
373.09116,189.34244,1186.1078,74.020027,3.0158858
328.63434,191.14812,1277.0641,54.239132,-7.0974431
276.03247,211.21722,1359.4745,62.326168,.37921157
428.28085,163.60873,1203.292,64.81427,-1.3331732
458.25748,159.30798,1153.9404,69.436295,5.9310551
367.3772,186.52751,1220.5533,78.746826,-8.9129696
262.04663,194.2666,1821.7471,63.824905,8.7686043
325.33505,172.40736,1769.6268,76.546013,-4.9578381
376.4957,184.8055,1196.5656,73.197807,-3.6028898
284.62189,183.9077,1734.7051,56.606827,-3.9070117
191.8,215.54793,1750.7134,60.185276,-11.761809
230.97542,217.03305,1491.6821,59.314442,-6.7345843
356.59216,170.38203,1646.0304,67.139687,9.8164616
383.7023,168.95419,1431.443,67.609375,.50758582
246.37419,191.53546,1831.9436,54.596893,-5.3660316
289.6315,212.90666,1400.822,76.317085,13.549132
370.51245,185.58014,1209.8773,75.026421,-6.9607263
393.55347,162.21254,1643.4008,69.799774,22.197632
238.66049,209.42009,1658.476,76.791809,-8.5673141
219.66557,213.08165,1695.3145,66.422745,-3.8550074
482.19888,146.12709,1138.7238,62.055313,-2.0936477
270.23233,200.98009,1707.3594,76.97921,7.3991132
414.23782,172.52718,1140.4596,67.295692,-2.7064061
512.63586,148.31969,1059.8214,79.599052,8.3929853
219.81749,213.92877,1662.3641,71.231369,-10.205304
465.01825,144.48586,1276.5842,59.920727,-1.3188848
203.27754,215.11053,1608.5726,50.216305,-14.811161
339.15845,198.17381,1212.6913,58.03215,9.7057066
394.88965,158.4549,1463.0073,68.54126,-12.664029
249.10445,220.19679,1331.4459,71.484253,-13.834734
360.60541,183.2178,1166.8644,54.351032,-13.157695
531.46918,144.9212,1012.5483,73.456627,15.873371
396.03745,188.55678,1227.1266,75.112518,29.119726
245.94524,214.96532,1540.371,74.385239,-2.1009576
339.08319,180.67094,1524.1426,57.94249,9.1621294
319.34909,203.71428,1168.0731,50.627106,4.0869226
397.54022,165.28824,1549.8948,77.003365,14.700003
225.40022,227.26079,1474.7474,68.941193,5.0635095
393.73529,176.01636,1285.9642,79.287163,-1.5556308
413.54062,160.85762,1339.1215,58.672901,1.7860936
263.6402,219.8123,1239.2839,60.794964,-5.6099577
151.17943,237.67599,1667.0834,72.446419,-14.990017
207.94533,226.08951,1590.1436,76.131325,-3.9965222
387.38397,175.22972,1384.0182,77.935364,5.7586527
324.37927,205.93025,1175.9652,63.667458,5.8517656
512.24884,146.33083,1002.1614,62.223812,7.887229
127.75913,238.30449,1914.1593,71.228127,1.3226475
71.162018,254.50203,1976.9525,78.760239,-8.1478186
408.9888,162.80083,1411.9114,68.414169,5.6063981
310.24939,181.47824,1695.0385,70.869675,-2.1993244
305.45584,205.33257,1280.6635,51.325871,10.892578
80.395287,248.32224,1944.4398,69.355347,-12.95298
164.22183,235.10364,1699.1008,73.492706,-4.9273796
473.22815,158.08003,1089.8495,60.203598,15.358796
161.18018,234.95261,1582.5117,55.719242,-11.646418
477.00412,147.08873,1063.9015,59.224293,-13.650507
170.70467,230.36855,1700.5411,78.999275,-15.418506
336.3129,179.59836,1598.2076,78.245445,-1.6367533
195.66768,222.34181,1742.1145,60.983109,8.5212545
199.85843,220.26514,1753.3235,51.809429,16.125275
159.83502,237.47145,1674.0093,69.158432,-3.2174187
242.17589,217.01854,1494.7806,59.436604,4.7937579
224.92369,221.53815,1577.2437,65.111275,7.5742202
326.05942,193.1568,1356.7625,54.728615,7.3142395
308.29684,186.15044,1670.4203,57.04871,15.827109
195.34387,235.72188,1589.0422,78.10601,7.6644635
485.94052,148.9339,1054.9124,67.990898,-8.0938044
379.1391,166.49214,1641.5206,75.569221,14.440587
439.82077,149.60062,1349.6324,70.596085,-10.289553
361.96173,175.92502,1531.9866,76.631546,5.4520426
269.8826,191.93155,1828.6332,77.27285,.57449085
415.22144,158.96034,1383.0641,78.767075,-11.139688
484.95596,154.81932,1045.223,61.393394,10.63688
278.05112,193.20241,1560.6688,54.528782,-9.8250875
463.99124,160.50121,1128.63,76.008141,5.8324928
296.01871,204.6026,1359.7949,64.668907,.67984897
238.53395,195.29556,1961.0325,70.959663,3.2191105
150.83586,232.68185,1813.3998,66.870033,-2.4091947
241.87596,217.6909,1545.7565,79.580399,-2.1594484
234.05286,207.46597,1641.8704,52.210865,-1.2771492
224.59534,212.40865,1663.9934,74.74102,-12.095119
158.25458,233.5434,1676.1761,70.658684,-16.278786
278.60269,215.02792,1258.296,58.494022,1.1272753
171.41109,224.90553,1854.4906,56.81694,11.376062
378.19162,174.44734,1348.567,64.778915,-.33864871
110.01148,249.38449,1822.8931,70.307693,.53741497
246.99927,210.76743,1644.212,78.632996,-.20327325
242.45457,195.52234,1852.6918,66.970482,-5.3077331
239.0724,200.51328,1821.0156,76.97715,-7.9711351
104.04761,242.12689,1912.2935,64.475624,-6.9462647
341.85373,172.97069,1618.1046,65.336754,-.67912543
456.57053,159.52429,1078.8625,67.521805,-4.9019341
358.10818,168.03192,1584.2782,60.236977,1.2465242
308.95123,191.36885,1412.0491,62.459541,-12.513148
388.1539,168.04256,1376.389,70.564453,-8.1244097
394.44144,161.67404,1463.9735,72.297035,-7.2802658
294.52332,187.61662,1693.2783,53.573364,12.221259
412.25049,173.24944,1155.476,57.064571,7.6936941
276.19128,183.44168,1833.1499,63.439625,-4.2953811
360.98859,193.37051,1098.0004,68.257355,-6.8168616
301.04675,191.03471,1669.4321,74.790604,7.4228172
523.73462,137.9361,1040.8053,72.316574,-5.570363
254.92152,189.9476,1896.4658,63.037479,1.8199381
171.82359,221.49957,1955.8289,65.470398,10.870446
282.45953,186.44798,1777.3755,58.200409,5.9150953
380.95529,183.2459,1185.8643,64.667313,1.86501
345.60873,202.11707,1128.4341,72.82502,2.3298988
442.4201,153.8457,1312.0337,67.584732,.54075944
227.53268,217.98807,1633.5038,56.981487,15.540838
348.6785,185.08377,1349.1732,70.857979,-5.9057212
314.25946,203.87427,1243.495,51.33876,10.173219
173.5264,239.65739,1772.4198,75.222954,26.285965
396.43378,172.68884,1097.6515,52.382259,-14.564445
263.74728,214.69223,1345.4404,57.806225,-1.0126139
215.28935,203.43956,1907.5533,63.325653,.048647862
366.83026,175.29117,1412.4385,73.208931,-6.584959
305.27652,178.95419,1737.9531,61.059036,.29859158
236.69542,201.1546,1921.2063,76.78231,6.5679436
300.77435,187.24942,1614.6091,63.88702,-2.5704513
274.95752,179.12337,1815.6407,53.201122,-11.624164
260.66684,196.75253,1663.3199,50.592808,.92240942
234.86537,208.94539,1766.1251,73.824486,4.8770962
272.88394,217.51707,1323.2709,61.757378,9.264781
339.42944,196.85382,1332.8795,78.507668,8.0605631
202.62288,229.83263,1672.6833,73.193085,15.519011
196.58459,234.10577,1671.045,75.814262,18.675526
238.91528,196.56624,1669.9781,52.346096,-21.736029
285.42294,185.22343,1757.4757,55.520294,4.7313218
357.60831,168.40013,1616.1746,70.3396,-1.5568295
423.93799,172.8871,1002.9451,62.381916,-8.7306232
256.81686,188.18236,1891.0797,67.373505,-5.3276033
364.39188,194.65388,1003.7679,78.912498,-22.607449
316.34128,213.69612,1111.733,66.235649,7.0922322
241.31174,203.63828,1751.5648,74.334679,-5.5979438
156.27632,227.38631,1962.5267,77.769875,2.3824558
432.3302,161.29645,1155.9935,56.86982,-4.266202
161.75948,218.51904,1966.8436,55.182495,2.641444
166.73337,224.56615,1952.3582,54.009132,22.708384
272.98874,187.71274,1786.0015,55.632408,3.207417
317.75555,174.86638,1813.817,63.637104,11.057651
303.79422,183.49132,1674.4879,78.888214,-12.716612
429.70972,163.27667,1254.343,73.293983,.073009759
427.64639,152.85353,1392.6305,67.044769,-4.3903255
98.775642,244.08717,1877.3234,66.309624,-13.63818
416.06897,166.88777,1316.2399,78.307838,1.4556644
231.63966,224.97525,1488.7787,55.474178,18.010305
504.72101,137.68478,1149.975,61.350464,-.11420863
299.9537,188.85335,1569.4503,75.488289,-15.115337
310.49146,191.69501,1443.4586,58.034096,-1.8405041
279.4061,205.84473,1517.2999,60.0536,14.738958
356.36386,166.24937,1542.0757,64.276421,-14.872605
176.69025,230.32242,1423.1885,51.248573,-28.959808
202.5574,220.79245,1768.626,68.202095,9.4292421
234.69705,198.80888,1908.208,73.778511,-1.3105716
343.93634,185.76813,1491.1671,63.830505,18.120943
325.27505,194.8894,1265.276,71.815002,-16.184166
463.5163,153.33437,1091.3199,67.764198,-12.994283
546.39331,134.24193,1069.0834,65.922546,16.471016
493.2579,162.39102,1003.1976,75.145927,22.076561
185.08275,219.72556,1866.5138,56.645271,13.002602
271.12277,198.06758,1567.4135,57.525852,-5.0034165
264.97495,198.858,1789.5172,62.779514,20.095516
173.29707,236.95227,1682.249,78.90535,2.2812791
318.78674,174.24655,1651.7784,67.75206,-17.182463
340.18719,187.46347,1410.2653,53.200428,15.318
288.02197,216.7489,1137.0692,68.224869,-10.775501
252.78172,189.76289,1968.9286,61.340473,11.408453
360.51764,185.75592,1193.2085,62.510124,-8.9682083
438.20801,161.06328,1266.3831,52.492111,21.042625
305.15448,192.93105,1580.5284,75.451561,2.7863309
364.57388,185.68921,1380.5146,77.107582,11.325881
342.81537,178.33308,1444.6364,55.646038,-3.50669
401.00159,163.3934,1429.0587,66.597435,3.2446284
234.31424,213.74292,1418.3474,63.813351,-26.878447
141.42897,236.80447,1789.553,53.931,6.0891924
251.78969,192.83051,1887.5442,58.326775,8.9022665
269.05423,220.66635,1355.6544,79.027313,4.9796891
329.27261,201.17978,1060.3811,67.316818,-22.338266
402.69235,171.81566,1154.5526,64.334648,-11.6902
174.70027,211.80798,1936.7061,61.50581,-12.116908
141.06026,235.90936,1754.9138,67.353104,-12.629869
261.83127,192.19633,1841.5038,76.448418,-4.1718044
414.05035,164.53946,1181.8219,51.685631,-5.7683249
235.92986,223.30707,1296.7107,54.166874,-9.9679556
209.37595,223.97504,1674.7316,76.608246,4.0316844
549.65363,133.37422,1021.7654,61.626984,13.727254
316.56927,174.44049,1807.6423,76.627533,-2.5970874
331.45609,207.9446,1043.3606,58.978176,2.2280414
414.56168,157.4075,1502.5759,71.964317,7.3768582
174.85709,237.64481,1631.3661,72.957108,2.8372877
410.96048,169.46277,1267.5907,68.783165,3.6220305
252.72487,201.43294,1832.7129,75.447266,11.142915
203.30139,202.78311,1927.5189,65.21064,-12.224886
180.8054,217.09348,1861.6649,59.019222,-1.0078472
344.97903,169.06956,1776.3488,79.896423,4.0020218
311.57471,192.20338,1500.8173,55.288204,11.415861
396.7131,177.21628,1172.9602,50.666374,10.607976
295.78091,190.94182,1547.2474,66.679115,-9.9323578
334.3504,202.66278,1381.0164,77.948326,26.333693
330.10416,198.98399,1323.1777,78.093262,3.3629906
382.69696,174.15898,1368.3739,69.441093,2.6294134
373.45419,179.89877,1293.1561,72.588249,-4.9163022
370.6062,194.29416,1048.2761,55.652142,7.9201241
196.6306,213.31693,1954.1052,79.69912,1.9427793
529.81763,140.5542,1067.7548,64.231667,18.091841
232.33479,218.51881,1437.4752,68.116791,-16.536566
420.96658,153.50125,1377.9601,50.461502,1.7447805
429.73203,178.37222,1016.7503,69.755081,8.0455093
352.26047,191.65913,1421.9463,75.166557,22.898832
325.61435,171.79446,1685.3462,69.743629,-13.53358
248.14415,201.15602,1875.2919,70.870728,15.862603
233.58809,224.98001,1411.6843,60.262608,4.5766821
175.43266,229.91664,1776.9066,67.138977,9.0324125
138.11757,241.87814,1705.0656,65.398582,-5.3704743
96.113297,238.2943,1961.9089,55.980797,-10.990404
385.87875,167.50777,1520.2401,75.11528,6.0935307
166.00156,226.77972,1817.4932,66.81115,-2.5181408
465.11237,162.07628,1005.2745,77.210716,-8.2590714
264.54599,180.67114,1972.6094,63.647594,-2.6686034
296.24918,202.62663,1369.4215,65.630783,-3.7503035
453.07108,151.21999,1189.9224,54.343105,-3.6210985
445.91223,147.13521,1273.9829,76.93399,-27.272455
354.00262,173.62758,1480.5204,52.986176,2.4862037
320.17868,179.09831,1685.8877,53.598972,13.748097
242.61444,219.55898,1318.4077,59.928185,-14.757713
232.92935,209.06064,1733.2589,79.334694,-6.0858402
439.88309,158.56798,1195.5359,68.317627,-7.3070788
442.37424,179.42259,1001.4592,65.66346,24.503334
397.69449,177.38487,1067.5746,72.582603,-21.296244
182.54433,234.75601,1662.7023,78.357567,3.1048524
183.81607,228.60083,1612.9923,55.873165,-1.7113781
343.41257,204.40942,1178.9027,76.35775,11.067233
155.08098,221.12659,1992.0021,74.629974,-8.7809076
369.58945,187.56288,1113.3967,58.142384,-3.4951837
270.84674,198.56468,1723.8251,72.386505,7.6359477
359.95941,160.13625,1558.2571,54.174267,-17.273569
332.97345,198.17667,1165.1764,55.590187,-1.6452396
300.26706,184.22952,1760.1781,74.56295,2.0631306
281.45828,207.87788,1358.0146,50.923492,5.6919708
210.59448,202.76714,1901.5283,62.622063,-6.8026476
279.45468,212.50406,1510.0385,78.789978,16.689434
318.23779,175.29533,1735.0392,75.706131,-8.7738323
192.69702,227.93204,1731.0417,76.977127,6.1880903
303.65741,191.91245,1489.9893,55.107403,1.2334859
287.08176,189.93713,1643.0222,68.383812,-8.3416977
195.36302,228.33987,1513.3184,71.927483,-18.663557
272.36795,180.99983,1978.0052,79.543831,-5.8667669
326.99649,186.82291,1549.761,54.657684,20.156345
334.87558,203.09816,1080.9899,67.351608,-8.4921827
288.19873,188.52884,1688.7271,73.637459,-8.37432
284.17395,182.45404,1763.2557,50.295547,1.0517769
292.55688,182.13219,1754.7894,52.829353,5.2687154
172.56981,233.20932,1702.8877,62.392212,7.7543569
286.3735,216.5683,1146.9281,72.126274,-14.553884
473.2583,152.09596,1000.7755,51.141659,-6.8796129
431.79504,156.05972,1354.233,70.932022,-.45435852
243.37755,200.00162,1840.7838,54.941677,15.546146
139.23492,242.27698,1707.5632,76.374115,-11.582046
188.75998,216.12614,1699.7893,51.792988,-14.165428
229.07481,209.35742,1582.327,51.311489,-9.3602848
270.42798,220.04848,1249.819,64.440269,.47948581
399.17487,188.18985,1014.4703,71.304306,2.4145699
239.78078,206.11311,1520.0708,51.220119,-16.679291
175.18059,209.80995,1991.9319,53.182335,-2.0886216
478.17657,152.61336,1153.4113,72.25386,5.4412313
530.92572,139.7451,1084.3782,76.736671,9.5048666
375.13953,165.60492,1510.3004,62.716362,-1.3552114
351.1167,171.64005,1642.4315,71.318283,3.8549161
120.80578,249.29671,1834.184,73.603729,10.151496
372.87955,194.62836,1149.984,77.13018,9.1695538
326.28888,206.29654,1071.1567,56.997314,-1.634804
450.53302,163.2554,1037.1687,57.370544,1.0014757
343.30075,195.79666,1100.6624,57.748409,-9.147644
185.29497,206.63295,1947.4919,56.738831,-10.063346
295.11603,208.54059,1273.2095,65.478592,-3.2258329
319.51208,172.46031,1789.0869,56.450089,8.3578825
412.39496,167.09435,1157.5164,50.887218,-3.5326235
104.86127,252.12636,1850.6484,65.09594,11.122953
99.389687,242.14307,1889.9296,60.903965,-12.057772
285.02371,207.81918,1463.2107,63.178448,15.074359
135.8188,241.60548,1662.4729,54.623363,-6.1741471
280.90305,185.18481,1722.2079,75.982758,-21.552977
226.79558,195.21423,1795.2192,51.683239,-18.189701
100.62775,232.32759,1993.3956,54.757874,-16.884706
266.48984,197.10443,1741.5648,66.239975,6.9145441
422.00519,156.31902,1291.0305,69.575974,-17.939672
276.46912,216.42979,1227.6229,63.868565,-6.1218419
448.41431,167.00595,1069.3896,75.699806,-.82103592
420.12134,167.83769,1227.0544,72.296455,-.4958815
375.62424,164.59073,1632.4978,79.682312,1.1480155
298.66827,199.77826,1354.2928,52.505772,-.7911225
297.25024,200.76244,1382.8851,72.014122,-10.869706
220.32912,209.70872,1855.3119,60.223911,16.66033
226.69589,225.12444,1476.2645,70.292877,-.26275909
471.02063,148.37936,1183.4818,70.458061,-7.1992788
245.58603,222.15987,1342.4664,58.474609,.0079515642
247.2915,220.03487,1308.2239,61.58577,-11.649397
402.09808,173.86627,1403.7063,61.447441,32.93502
426.81622,177.82945,1082.7328,72.264374,11.554166
300.96878,203.41216,1265.6082,52.714264,-2.1486011
394.24542,171.84254,1205.6078,51.983761,-2.5255346
381.60648,162.05969,1460.8827,55.965549,-6.4724026
477.85193,147.39818,1170.9868,60.354874,3.1911459
355.31366,168.04956,1591.2733,57.226864,1.956992
397.87744,167.81755,1253.1847,57.105934,-6.7222104
337.80817,173.79436,1654.6521,72.658508,-2.876071
394.16113,180.75381,1076.2277,53.851978,.54901272
415.31973,162.4525,1293.7533,54.488754,4.413487
207.40984,226.59474,1639.9633,78.761497,2.200928
373.76224,171.80916,1398.8417,71.629593,-9.8304663
348.36362,193.93773,1081.3121,50.090237,-5.8798862
386.66379,179.09703,1184.5607,64.448669,-3.6490755
128.93544,229.73442,1880.6061,55.561565,-13.139962
157.66277,236.32811,1762.2035,76.762558,-1.3308598
405.74774,175.27512,1055.027,54.916897,-6.6889191
217.68819,203.16992,1887.8826,57.43856,3.4785063
246.92328,190.703,1812.1479,57.484619,-12.344115
258.02094,200.44344,1702.0135,68.762794,-.4899967
201.1237,217.40315,1862.8882,64.479813,15.961594
186.11111,215.5192,1917.396,63.539188,4.790998
170.3167,224.99454,1933.7596,78.467117,5.0921974
261.14359,201.00002,1730.9111,79.816788,-.37313086
387.46808,187.53162,1113.6049,79.865326,-3.0480831
390.43561,160.84818,1391.0989,50.931625,-7.3547831
327.00006,173.09857,1619.9812,50.09816,-2.7151337
201.51273,206.08124,1857.6343,55.329857,-7.6866713
357.08585,188.08618,1159.6083,50.522041,-1.5578668
261.39612,181.0732,1923.0343,61.067509,-10.105106
364.70413,163.93524,1595.693,72.372803,-11.215007
366.4079,168.8857,1460.6741,58.310253,-5.1478238
213.25528,195.17007,1912.8086,62.434795,-22.812063
315.38846,172.43126,1831.6241,68.496849,.89900738
241.91168,210.61461,1616.2201,50.166161,12.871218
417.2825,179.04794,1281.3187,73.662292,33.979912
146.29745,232.29544,1757.8138,50.47649,-3.2139671
391.34012,171.80855,1332.0309,60.465244,6.6556258
371.49539,172.65529,1623.9857,74.394371,21.747042
516.35425,145.11148,1013.9677,54.601452,16.569254
363.52594,195.68484,1034.4,71.952118,-10.526669
478.97998,143.45374,1152.3971,50.407623,-1.161469
490.25162,153.26891,1096.5292,71.248131,11.558541
190.9411,232.899,1540.7557,65.130974,-1.2230085
131.83052,242.07845,1829.0526,76.503166,-1.402315
363.16867,179.06577,1265.6797,51.599857,-4.7816811
474.65982,147.1347,1174.3988,60.957584,-.68273491
340.08865,178.23605,1518.8997,56.571331,3.9038877
336.19501,192.75929,1273.8998,52.738411,5.5393372
171.41357,208.44916,1985.8329,60.63467,-16.406502
502.07086,142.45888,1079.2283,70.350113,-7.6860228
241.22404,219.19586,1542.224,76.790749,2.9538798
422.43695,157.9968,1367.9913,69.170662,-1.1095401
186.58374,219.71725,1788.6682,54.850307,4.2403178
339.80579,186.83815,1410.3008,73.150383,-2.7064078
348.58203,184.92441,1380.0801,69.282974,-.5364306
399.19827,171.83862,1232.8864,71.41732,-9.0383472
189.42816,215.96362,1797.2334,52.177063,.37329742
521.27863,139.34102,1098.4583,76.21907,1.2928531
462.9859,158.13214,1304.4834,79.730797,21.830561
288.29819,188.42842,1745.6804,63.583652,8.0400591
194.95839,227.36211,1630.0216,64.892059,1.42567
162.81189,236.92078,1697.1134,50.872589,16.36692
232.93521,228.52176,1409.3303,65.933914,8.596384
227.87671,211.47888,1743.8434,63.148144,9.9276781
327.58981,173.13179,1661.1112,57.603329,-1.8703378
232.71318,224.25665,1406.5736,57.258968,3.3850133
387.71436,171.43317,1299.9666,79.032387,-17.647024
281.20746,193.66211,1602.0948,76.999138,-17.189943
288.11633,184.83607,1743.7195,58.884262,1.6242471
266.07654,195.86911,1765.2217,79.874138,-4.1929097
392.73126,182.78441,1049.908,67.966331,-10.637692
255.6707,191.9669,1980.725,74.998962,11.090909
159.53236,221.18008,1987.8501,72.835541,-3.3723254
317.63449,186.55748,1555.0977,76.334518,-6.4632845
152.67242,232.01443,1742.8246,58.461376,-6.2340131
392.13181,182.75902,1212.4014,70.528694,11.018408
435.04556,167.71164,1113.8878,75.483444,-5.4365807
288.09149,180.23372,1852.65,60.141624,4.5067291
288.37738,182.39748,1877.5524,79.847855,-1.394866
394.67441,152.9285,1453.95,61.95467,-23.889893
195.41422,216.42041,1696.7128,52.190948,-7.4965229
279.87201,206.12576,1524.0624,66.370209,11.924744
265.08145,219.67526,1310.9515,66.925308,1.3071506
241.5365,223.39662,1430.9037,67.651886,5.2214155
191.66069,224.37343,1717.9736,75.365379,-5.1273136
393.06732,184.47585,1154.2368,59.897228,16.369843
230.96913,228.03325,1367.5604,77.825768,-10.467653
117.78052,244.53781,1806.6547,65.499207,-3.3685546
457.76807,147.70117,1241.235,73.492508,-16.047533
382.72046,178.88026,1210.7745,63.91972,-3.8224373
409.6691,159.06741,1296.8508,61.731083,-15.706135
258.44995,181.20473,1955.8799,53.603294,-1.7979409
247.87219,189.84746,1876.6504,51.320358,.90159625
260.38809,193.60417,1685.2958,50.681057,-4.6311169
322.09836,181.74164,1677.427,73.374237,5.7154436
334.23022,178.86909,1637.5991,71.347931,5.7383018
163.51895,227.06392,1683.8634,53.917248,-13.962762
345.26785,179.10895,1574.3425,63.088329,14.542734
219.79659,208.03357,1820.2361,61.46785,5.3483586
292.24872,195.79535,1653.8865,71.820091,11.523049
348.20242,182.6207,1445.323,54.632408,14.370838
309.05994,172.49709,1732.3228,50.397339,-5.6673894
418.79794,177.70816,1022.3776,79.348671,-11.512316
306.50089,200.31517,1435.2174,67.283997,8.8072519
366.62173,179.51984,1279.1495,56.884342,-2.309762
349.87738,177.11398,1549.7466,77.872734,-1.7510712
289.76645,190.58696,1751.1163,65.850037,14.33866
217.60457,202.65082,1930.5417,66.18927,1.3916222
508.3009,141.36057,1032.4824,63.492043,-5.9468527
366.44092,187.18118,1194.4008,61.256199,1.9852753
327.09973,202.51544,1228.3507,71.754471,.74044061
190.97134,207.40923,1930.8357,53.875175,-2.4985402
397.28519,167.56458,1383.5341,63.694855,6.2837787
444.44885,159.29295,1107.7966,65.596985,-11.768277
321.27634,198.22366,1413.0229,66.003792,15.630635
364.96555,160.13165,1592.1101,50.617752,-4.3566685
306.27213,180.75337,1730.1707,58.932301,6.6859846
265.55096,207.46361,1602.5581,62.162346,16.356548
331.38147,210.81776,1040.778,57.335335,10.837852
291.29755,187.78584,1660.1981,74.153946,-11.974124
401.45938,158.36525,1518.2063,69.589973,1.1045352
253.13002,211.30518,1332.9872,58.863457,-23.488689
125.75037,229.42923,1977.8225,53.176025,-.65814745
444.1304,163.33578,1217.6641,68.820023,12.730598
498.7189,152.24127,1024.0482,67.022697,9.7594004
231.34453,193.19833,1936.52,68.40873,-11.268954
237.9344,213.06467,1616.2102,67.239166,1.8492045
164.30443,229.77222,1790.2538,78.318817,-9.4275684
384.11993,175.87473,1368.3495,76.415817,3.101475
201.58138,202.10184,1979.8667,60.505325,-4.1679263
435.39246,161.0468,1366.3566,77.659821,13.044436
294.92645,185.43585,1695.7518,60.040699,1.9334599
216.83217,203.17139,1864.3202,61.415085,-4.0891232
233.40169,211.68246,1540.5352,56.527363,-9.1972704
180.28427,229.034,1779.9934,78.81514,2.6229672
490.14438,155.87663,1045.4974,79.766235,4.0229015
424.26163,159.97299,1446.2283,57.832283,26.857126
139.70502,239.16081,1691.0226,55.899036,-5.6266289
273.62912,216.899,1331.0352,76.864784,-2.5801146
233.67287,222.02585,1410.7759,68.62764,-10.143073
332.28958,203.2104,1081.6055,55.827976,-1.463882
296.9024,185.52257,1666.1101,59.916241,-.20314437
534.914,135.13573,1006.1428,65.865227,-1.9903038
258.06992,217.28375,1281.8716,53.983006,-6.169631
209.8674,215.20471,1758.8601,57.110699,9.0605736
272.05927,216.924,1267.1166,55.013359,3.8108594
127.73396,234.98407,1914.5342,52.258068,7.5646248
347.38098,166.27068,1682.7494,64.184013,-2.6230016
346.40048,177.18433,1628.5543,75.572098,8.6236382
377.32593,175.82864,1296.7347,60.444946,-1.7824844
232.84059,214.23076,1624.6304,59.133656,7.6512647
473.6825,159.06374,1015.8632,68.156464,1.0088859
381.65518,188.59546,1079.8136,54.488239,9.2443724
142.8838,234.8918,1818.755,50.919052,9.1696796
287.836,182.67076,1880.0063,72.222343,5.2701278
351.0788,172.87741,1549.9375,67.281212,-3.4865282
353.47742,200.89207,1135.8458,77.853249,3.9802933
402.23047,166.2486,1345.6453,60.065205,4.8963137
270.67966,201.3483,1627.3417,69.638077,2.7108605
169.37711,217.63736,1979.3995,56.391788,8.7944746
207.31723,215.24414,1702.5732,66.288788,-9.1686344
